SEQUENCE,POINTS,TIME,P2,P1
HHPPCCHH,3,0.005,0.25,0.8
HHPPCCHH,3,0.005,0.25,0.8
HHPPCCHH,3,0.0,0.25,0.8
HHPPCCHH,3,0.0,0.25,0.8
HHPPCCHH,3,0.003,0.25,0.8
HHPPCCHH,3,0.016,0.25,0.8
HHPPCCHH,3,0.016,0.25,0.8
HHPPCCHH,3,0.0,0.25,0.8
HHPPCCHH,3,0.0,0.25,0.8
HHPPCCHH,3,0.0,0.25,0.8
HHPPCCHH,3,0.0,0.25,0.8
HPHPHPHHHPPHHPPHH,6,1.211,0.25,0.8
CCPPCCPPCC,20,0.008,0.25,0.8
HPHPHP,0,0.001,0.25,0.8
PHPHPHPHPH,0,0.105,0.25,0.8
HPHPHPHPHPHPPH,3,8.878,0.25,0.8
PHPHPHPHHHPH,2,0.685,0.25,0.8
HHHHHHHHHHHHHHHHHHHHHH,13,1.764,0.25,0.8
HHHHPPPPPHHHHHHHPHP,7,0.659,0.25,0.8
HHPHHHPHPHHHPH,6,0.052,0.25,0.8
HHPPHHPPHHHHHHHHH,8,0.03,0.25,0.8
HHPPPPPPHHPHPHPHPHHHH,7,0.442,0.25,0.8
HHHHHHHHHHHHHH,7,0.093,0.25,0.8
HHHHHHHHPPPHHHHHHHHHH,11,0.73,0.3,0.75
HHHHHHHHHHHHHHHHHHHHHHHHH,16,4.122,0.25,0.8
HHHHHHHHHHHHHHHHHHHHHHHH,15,3.006,0.25,0.8
HHHHHHHHHHHHHHHHHHHHH,12,1.571,0.25,0.75
HHHHHHHHHHHHHHHHHHHHHHHH,15,46.599,0.5,0.5
HHHHHHHHHCCCCCCCCC,26,0.477,0.25,0.8
HHHHHHHHHCCCCCCCCC,26,0.119,1,1
HHHHHHHHHHHHHHH,8,0.18,0.25,0.8
HHPPHHPPHHPPHHCCPPCC,17,0.07,0.15,0.85
HPPPPPPPPPCCCCCHHHPH,10,33.56,0.3,0.7
CPPCHPPCHPPCPPHHHHHHCCPCHPPCPCHPPHPC,37,0.422,0.25,0.8
HHHHHHHHHHHHH,6,0.07,0.25,0.8
HHHHHHHHHHHHHHHH,9,0.622,0.1,0.6
HHPHHHPHPHHHPH,6,0.03,0.25,0.8
HHPHHHPHPHHHPH,6,0.023,0.25,0.8,438
